#sample-id	PlateNumber	PlateLocation	i5	i5Sequence	i7	i7Sequence	identifier	Sequence
Ca009ST_L	1	A1	SA501	ATCGTACG	SA701	CGAGAGTT	SA701SA501	CGAGAGTT-ATCGTACG
900221	1	B1	SA502	ACTATCTG	SA701	CGAGAGTT	SA701SA502	CGAGAGTT-ACTATCTG
Ca010EB_L	1	C1	SA503	TAGCGAGT	SA701	CGAGAGTT	SA701SA503	CGAGAGTT-TAGCGAGT
900460	1	D1	SA504	CTGCGTGT	SA701	CGAGAGTT	SA701SA504	CGAGAGTT-CTGCGTGT
900051	1	E1	SA505	TCATCGAG	SA701	CGAGAGTT	SA701SA505	CGAGAGTT-TCATCGAG
900226	1	F1	SA506	CGTGAGTG	SA701	CGAGAGTT	SA701SA506	CGAGAGTT-CGTGAGTG
900057	1	G1	SA507	GGATATCT	SA701	CGAGAGTT	SA701SA507	CGAGAGTT-GGATATCT
900229	1	H1	SA508	GACACCGT	SA701	CGAGAGTT	SA701SA508	CGAGAGTT-GACACCGT
Ca009ST_NL	1	A2	SA501	ATCGTACG	SA702	GACATAGT	SA702SA501	GACATAGT-ATCGTACG
900222	1	B2	SA502	ACTATCTG	SA702	GACATAGT	SA702SA502	GACATAGT-ACTATCTG
Ca010EB_NL	1	C2	SA503	TAGCGAGT	SA702	GACATAGT	SA702SA503	GACATAGT-TAGCGAGT
900461	1	D2	SA504	CTGCGTGT	SA702	GACATAGT	SA702SA504	GACATAGT-CTGCGTGT
900052	1	E2	SA505	TCATCGAG	SA702	GACATAGT	SA702SA505	GACATAGT-TCATCGAG
900227	1	F2	SA506	CGTGAGTG	SA702	GACATAGT	SA702SA506	GACATAGT-CGTGAGTG
900058	1	G2	SA507	GGATATCT	SA702	GACATAGT	SA702SA507	GACATAGT-GGATATCT
900230	1	H2	SA508	GACACCGT	SA702	GACATAGT	SA702SA508	GACATAGT-GACACCGT
Ca009ST_PN	1	A3	SA501	ATCGTACG	SA703	ACGCTACT	SA703SA501	ACGCTACT-ATCGTACG
900223	1	B3	SA502	ACTATCTG	SA703	ACGCTACT	SA703SA502	ACGCTACT-ACTATCTG
Ca010EB_PN	1	C3	SA503	TAGCGAGT	SA703	ACGCTACT	SA703SA503	ACGCTACT-TAGCGAGT
900462	1	D3	SA504	CTGCGTGT	SA703	ACGCTACT	SA703SA504	ACGCTACT-CTGCGTGT
900053	1	E3	SA505	TCATCGAG	SA703	ACGCTACT	SA703SA505	ACGCTACT-TCATCGAG
900228	1	F3	SA506	CGTGAGTG	SA703	ACGCTACT	SA703SA506	ACGCTACT-CGTGAGTG
900059	1	G3	SA507	GGATATCT	SA703	ACGCTACT	SA703SA507	ACGCTACT-GGATATCT
900231	1	H3	SA508	GACACCGT	SA703	ACGCTACT	SA703SA508	ACGCTACT-GACACCGT
Co004LN_NL	1	A4	SA501	ATCGTACG	SA704	ACTCACTG	SA704SA501	ACTCACTG-ATCGTACG
900241	1	B4	SA502	ACTATCTG	SA704	ACTCACTG	SA704SA502	ACTCACTG-ACTATCTG
Co005SN_NL	1	C4	SA503	TAGCGAGT	SA704	ACTCACTG	SA704SA503	ACTCACTG-TAGCGAGT
900243	1	D4	SA504	CTGCGTGT	SA704	ACTCACTG	SA704SA504	ACTCACTG-CTGCGTGT
900137	1	E4	SA505	TCATCGAG	SA704	ACTCACTG	SA704SA505	ACTCACTG-TCATCGAG
900245	1	F4	SA506	CGTGAGTG	SA704	ACTCACTG	SA704SA506	ACTCACTG-CGTGAGTG
900139	1	G4	SA507	GGATATCT	SA704	ACTCACTG	SA704SA507	ACTCACTG-GGATATCT
900247	1	H4	SA508	GACACCGT	SA704	ACTCACTG	SA704SA508	ACTCACTG-GACACCGT
Co004LN_PN	1	A5	SA501	ATCGTACG	SA705	TGAGTACG	SA705SA501	TGAGTACG-ATCGTACG
900242	1	B5	SA502	ACTATCTG	SA705	TGAGTACG	SA705SA502	TGAGTACG-ACTATCTG
Co005SN_PN	1	C5	SA503	TAGCGAGT	SA705	TGAGTACG	SA705SA503	TGAGTACG-TAGCGAGT
900244	1	D5	SA504	CTGCGTGT	SA705	TGAGTACG	SA705SA504	TGAGTACG-CTGCGTGT
900138	1	E5	SA505	TCATCGAG	SA705	TGAGTACG	SA705SA505	TGAGTACG-TCATCGAG
900246	1	F5	SA506	CGTGAGTG	SA705	TGAGTACG	SA705SA506	TGAGTACG-CGTGAGTG
900140	1	G5	SA507	GGATATCT	SA705	TGAGTACG	SA705SA507	TGAGTACG-GGATATCT
900248	1	H5	SA508	GACACCGT	SA705	TGAGTACG	SA705SA508	TGAGTACG-GACACCGT
STGG_Plate1	1	A6	SA501	ATCGTACG	SA706	CTGCGTAG	SA706SA501	CTGCGTAG-ATCGTACG
swab_Plate1	1	B6	SA502	ACTATCTG	SA706	CTGCGTAG	SA706SA502	CTGCGTAG-ACTATCTG
MilliQ	1	C6	SA503	TAGCGAGT	SA706	CTGCGTAG	SA706SA503	CTGCGTAG-TAGCGAGT
Neg1	1	D6	SA504	CTGCGTGT	SA706	CTGCGTAG	SA706SA504	CTGCGTAG-CTGCGTGT
Neg2	1	E6	SA505	TCATCGAG	SA706	CTGCGTAG	SA706SA505	CTGCGTAG-TCATCGAG
Neg3	1	F6	SA506	CGTGAGTG	SA706	CTGCGTAG	SA706SA506	CTGCGTAG-CGTGAGTG
Neg4	1	G6	SA507	GGATATCT	SA706	CTGCGTAG	SA706SA507	CTGCGTAG-GGATATCT
Pos1	1	H6	SA508	GACACCGT	SA706	CTGCGTAG	SA706SA508	CTGCGTAG-GACACCGT
900232	1	A7	SA501	ATCGTACG	SA707	TAGTCTCC	SA707SA501	TAGTCTCC-ATCGTACG
900060	1	B7	SA502	ACTATCTG	SA707	TAGTCTCC	SA707SA502	TAGTCTCC-ACTATCTG
900235	1	C7	SA503	TAGCGAGT	SA707	TAGTCTCC	SA707SA503	TAGTCTCC-TAGCGAGT
900063	1	D7	SA504	CTGCGTGT	SA707	TAGTCTCC	SA707SA504	TAGTCTCC-CTGCGTGT
900238	1	E7	SA505	TCATCGAG	SA707	TAGTCTCC	SA707SA505	TAGTCTCC-TCATCGAG
900066	1	F7	SA506	CGTGAGTG	SA707	TAGTCTCC	SA707SA506	TAGTCTCC-CGTGAGTG
900255	1	G7	SA507	GGATATCT	SA707	TAGTCTCC	SA707SA507	TAGTCTCC-GGATATCT
900070	1	H7	SA508	GACACCGT	SA707	TAGTCTCC	SA707SA508	TAGTCTCC-GACACCGT
900233	1	A8	SA501	ATCGTACG	SA708	CGAGCGAC	SA708SA501	CGAGCGAC-ATCGTACG
900061	1	B8	SA502	ACTATCTG	SA708	CGAGCGAC	SA708SA502	CGAGCGAC-ACTATCTG
900236	1	C8	SA503	TAGCGAGT	SA708	CGAGCGAC	SA708SA503	CGAGCGAC-TAGCGAGT
900064	1	D8	SA504	CTGCGTGT	SA708	CGAGCGAC	SA708SA504	CGAGCGAC-CTGCGTGT
900239	1	E8	SA505	TCATCGAG	SA708	CGAGCGAC	SA708SA505	CGAGCGAC-TCATCGAG
900068	1	F8	SA506	CGTGAGTG	SA708	CGAGCGAC	SA708SA506	CGAGCGAC-CGTGAGTG
900256	1	G8	SA507	GGATATCT	SA708	CGAGCGAC	SA708SA507	CGAGCGAC-GGATATCT
900071	1	H8	SA508	GACACCGT	SA708	CGAGCGAC	SA708SA508	CGAGCGAC-GACACCGT
900234	1	A9	SA501	ATCGTACG	SA709	ACTACGAC	SA709SA501	ACTACGAC-ATCGTACG
900062	1	B9	SA502	ACTATCTG	SA709	ACTACGAC	SA709SA502	ACTACGAC-ACTATCTG
900237	1	C9	SA503	TAGCGAGT	SA709	ACTACGAC	SA709SA503	ACTACGAC-TAGCGAGT
900065	1	D9	SA504	CTGCGTGT	SA709	ACTACGAC	SA709SA504	ACTACGAC-CTGCGTGT
900240	1	E9	SA505	TCATCGAG	SA709	ACTACGAC	SA709SA505	ACTACGAC-TCATCGAG
900069	1	F9	SA506	CGTGAGTG	SA709	ACTACGAC	SA709SA506	ACTACGAC-CGTGAGTG
900257	1	G9	SA507	GGATATCT	SA709	ACTACGAC	SA709SA507	ACTACGAC-GGATATCT
900072	1	H9	SA508	GACACCGT	SA709	ACTACGAC	SA709SA508	ACTACGAC-GACACCGT
900249	1	A10	SA501	ATCGTACG	SA710	GTCTGCTA	SA710SA501	GTCTGCTA-ATCGTACG
900141	1	B10	SA502	ACTATCTG	SA710	GTCTGCTA	SA710SA502	GTCTGCTA-ACTATCTG
900251	1	C10	SA503	TAGCGAGT	SA710	GTCTGCTA	SA710SA503	GTCTGCTA-TAGCGAGT
900145	1	D10	SA504	CTGCGTGT	SA710	GTCTGCTA	SA710SA504	GTCTGCTA-CTGCGTGT
900253	1	E10	SA505	TCATCGAG	SA710	GTCTGCTA	SA710SA505	GTCTGCTA-TCATCGAG
900143	1	F10	SA506	CGTGAGTG	SA710	GTCTGCTA	SA710SA506	GTCTGCTA-CGTGAGTG
900263	1	G10	SA507	GGATATCT	SA710	GTCTGCTA	SA710SA507	GTCTGCTA-GGATATCT
900540	1	H10	SA508	GACACCGT	SA710	GTCTGCTA	SA710SA508	GTCTGCTA-GACACCGT
900250	1	A11	SA501	ATCGTACG	SA711	GTCTATGA	SA711SA501	GTCTATGA-ATCGTACG
900142	1	B11	SA502	ACTATCTG	SA711	GTCTATGA	SA711SA502	GTCTATGA-ACTATCTG
900252	1	C11	SA503	TAGCGAGT	SA711	GTCTATGA	SA711SA503	GTCTATGA-TAGCGAGT
900146	1	D11	SA504	CTGCGTGT	SA711	GTCTATGA	SA711SA504	GTCTATGA-CTGCGTGT
900254	1	E11	SA505	TCATCGAG	SA711	GTCTATGA	SA711SA505	GTCTATGA-TCATCGAG
900144	1	F11	SA506	CGTGAGTG	SA711	GTCTATGA	SA711SA506	GTCTATGA-CGTGAGTG
900264	1	G11	SA507	GGATATCT	SA711	GTCTATGA	SA711SA507	GTCTATGA-GGATATCT
900541	1	H11	SA508	GACACCGT	SA711	GTCTATGA	SA711SA508	GTCTATGA-GACACCGT
900476	1	A12	SA501	ATCGTACG	SA712	TATAGCGA	SA712SA501	TATAGCGA-ATCGTACG
900477	1	B12	SA502	ACTATCTG	SA712	TATAGCGA	SA712SA502	TATAGCGA-ACTATCTG
900364	1	C12	SA503	TAGCGAGT	SA712	TATAGCGA	SA712SA503	TATAGCGA-TAGCGAGT
900365	1	D12	SA504	CTGCGTGT	SA712	TATAGCGA	SA712SA504	TATAGCGA-CTGCGTGT
900482	1	E12	SA505	TCATCGAG	SA712	TATAGCGA	SA712SA505	TATAGCGA-TCATCGAG
900483	1	F12	SA506	CGTGAGTG	SA712	TATAGCGA	SA712SA506	TATAGCGA-CGTGAGTG
900484	1	G12	SA507	GGATATCT	SA712	TATAGCGA	SA712SA507	TATAGCGA-GGATATCT
mock_Plate1	1	H12	SA508	GACACCGT	SA712	TATAGCGA	SA712SA508	TATAGCGA-GACACCGT
900073	2	A1	SB501	CTACTATA	SB701	CTCGACTT	SB701SB501	CTCGACTT-CTACTATA
lysozyme	2	B1	SB502	CGTTACTA	SB701	CTCGACTT	SB701SB502	CTCGACTT-CGTTACTA
900087	2	C1	SB503	AGAGTCAC	SB701	CTCGACTT	SB701SB503	CTCGACTT-AGAGTCAC
900261	2	D1	SB504	TACGAGAC	SB701	CTCGACTT	SB701SB504	CTCGACTT-TACGAGAC
900081	2	E1	SB505	ACGTCTCG	SB701	CTCGACTT	SB701SB505	CTCGACTT-ACGTCTCG
900276	2	F1	SB506	TCGACGAG	SB701	CTCGACTT	SB701SB506	CTCGACTT-TCGACGAG
900084	2	G1	SB507	GATCGTGT	SB701	CTCGACTT	SB701SB507	CTCGACTT-GATCGTGT
900299	2	H1	SB508	GTCAGATA	SB701	CTCGACTT	SB701SB508	CTCGACTT-GTCAGATA
900074	2	A2	SB501	CTACTATA	SB702	CGAAGTAT	SB702SB501	CGAAGTAT-CTACTATA
900258	2	B2	SB502	CGTTACTA	SB702	CGAAGTAT	SB702SB502	CGAAGTAT-CGTTACTA
900079	2	C2	SB503	AGAGTCAC	SB702	CGAAGTAT	SB702SB503	CGAAGTAT-AGAGTCAC
900262	2	D2	SB504	TACGAGAC	SB702	CGAAGTAT	SB702SB504	CGAAGTAT-TACGAGAC
900082	2	E2	SB505	ACGTCTCG	SB702	CGAAGTAT	SB702SB505	CGAAGTAT-ACGTCTCG
900277	2	F2	SB506	TCGACGAG	SB702	CGAAGTAT	SB702SB506	CGAAGTAT-TCGACGAG
900085	2	G2	SB507	GATCGTGT	SB702	CGAAGTAT	SB702SB507	CGAAGTAT-GATCGTGT
900300	2	H2	SB508	GTCAGATA	SB702	CGAAGTAT	SB702SB508	CGAAGTAT-GTCAGATA
900075	2	A3	SB501	CTACTATA	SB703	TAGCAGCT	SB703SB501	TAGCAGCT-CTACTATA
900265	2	B3	SB502	CGTTACTA	SB703	TAGCAGCT	SB703SB502	TAGCAGCT-CGTTACTA
900080	2	C3	SB503	AGAGTCAC	SB703	TAGCAGCT	SB703SB503	TAGCAGCT-AGAGTCAC
900275	2	D3	SB504	TACGAGAC	SB703	TAGCAGCT	SB703SB504	TAGCAGCT-TACGAGAC
900083	2	E3	SB505	ACGTCTCG	SB703	TAGCAGCT	SB703SB505	TAGCAGCT-ACGTCTCG
900278	2	F3	SB506	TCGACGAG	SB703	TAGCAGCT	SB703SB506	TAGCAGCT-TCGACGAG
900086	2	G3	SB507	GATCGTGT	SB703	TAGCAGCT	SB703SB507	TAGCAGCT-GATCGTGT
900301	2	H3	SB508	GTCAGATA	SB703	TAGCAGCT	SB703SB508	TAGCAGCT-GTCAGATA
900542	2	A4	SB501	CTACTATA	SB704	TCTCTATG	SB704SB501	TCTCTATG-CTACTATA
900259	2	B4	SB502	CGTTACTA	SB704	TCTCTATG	SB704SB502	TCTCTATG-CGTTACTA
900544	2	C4	SB503	AGAGTCAC	SB704	TCTCTATG	SB704SB503	TCTCTATG-AGAGTCAC
900268	2	D4	SB504	TACGAGAC	SB704	TCTCTATG	SB704SB504	TCTCTATG-TACGAGAC
900546	2	E4	SB505	ACGTCTCG	SB704	TCTCTATG	SB704SB505	TCTCTATG-ACGTCTCG
900270	2	F4	SB506	TCGACGAG	SB704	TCTCTATG	SB704SB506	TCTCTATG-TCGACGAG
900548	2	G4	SB507	GATCGTGT	SB704	TCTCTATG	SB704SB507	TCTCTATG-GATCGTGT
900271	2	H4	SB508	GTCAGATA	SB704	TCTCTATG	SB704SB508	TCTCTATG-GTCAGATA
900543	2	A5	SB501	CTACTATA	SB705	GATCTACG	SB705SB501	GATCTACG-CTACTATA
900267	2	B5	SB502	CGTTACTA	SB705	GATCTACG	SB705SB502	GATCTACG-CGTTACTA
900545	2	C5	SB503	AGAGTCAC	SB705	GATCTACG	SB705SB503	GATCTACG-AGAGTCAC
900269	2	D5	SB504	TACGAGAC	SB705	GATCTACG	SB705SB504	GATCTACG-TACGAGAC
900547	2	E5	SB505	ACGTCTCG	SB705	GATCTACG	SB705SB505	GATCTACG-ACGTCTCG
900266	2	F5	SB506	TCGACGAG	SB705	GATCTACG	SB705SB506	GATCTACG-TCGACGAG
900549	2	G5	SB507	GATCGTGT	SB705	GATCTACG	SB705SB507	GATCTACG-GATCGTGT
900272	2	H5	SB508	GTCAGATA	SB705	GATCTACG	SB705SB508	GATCTACG-GTCAGATA
STGG_Plate2	2	A6	SB501	CTACTATA	SB706	GTAACGAG	SB706SB501	GTAACGAG-CTACTATA
swab_Plate2	2	B6	SB502	CGTTACTA	SB706	GTAACGAG	SB706SB502	GTAACGAG-CGTTACTA
MIlliQ_Plate2	2	C6	SB503	AGAGTCAC	SB706	GTAACGAG	SB706SB503	GTAACGAG-AGAGTCAC
Neg5	2	D6	SB504	TACGAGAC	SB706	GTAACGAG	SB706SB504	GTAACGAG-TACGAGAC
Neg6	2	E6	SB505	ACGTCTCG	SB706	GTAACGAG	SB706SB505	GTAACGAG-ACGTCTCG
Neg7	2	F6	SB506	TCGACGAG	SB706	GTAACGAG	SB706SB506	GTAACGAG-TCGACGAG
Neg8	2	G6	SB507	GATCGTGT	SB706	GTAACGAG	SB706SB507	GTAACGAG-GATCGTGT
Pos2	2	H6	SB508	GTCAGATA	SB706	GTAACGAG	SB706SB508	GTAACGAG-GTCAGATA
900293	2	A7	SB501	CTACTATA	SB707	ACGTGCGC	SB707SB501	ACGTGCGC-CTACTATA
900078	2	B7	SB502	CGTTACTA	SB707	ACGTGCGC	SB707SB502	ACGTGCGC-CGTTACTA
900297	2	C7	SB503	AGAGTCAC	SB707	ACGTGCGC	SB707SB503	ACGTGCGC-AGAGTCAC
900090	2	D7	SB504	TACGAGAC	SB707	ACGTGCGC	SB707SB504	ACGTGCGC-TACGAGAC
900302	2	E7	SB505	ACGTCTCG	SB707	ACGTGCGC	SB707SB505	ACGTGCGC-ACGTCTCG
900093	2	F7	SB506	TCGACGAG	SB707	ACGTGCGC	SB707SB506	ACGTGCGC-TCGACGAG
900305	2	G7	SB507	GATCGTGT	SB707	ACGTGCGC	SB707SB507	ACGTGCGC-GATCGTGT
900096	2	H7	SB508	GTCAGATA	SB707	ACGTGCGC	SB707SB508	ACGTGCGC-GTCAGATA
900294	2	A8	SB501	CTACTATA	SB708	ATAGTACC	SB708SB501	ATAGTACC-CTACTATA
900088	2	B8	SB502	CGTTACTA	SB708	ATAGTACC	SB708SB502	ATAGTACC-CGTTACTA
900296	2	C8	SB503	AGAGTCAC	SB708	ATAGTACC	SB708SB503	ATAGTACC-AGAGTCAC
900091	2	D8	SB504	TACGAGAC	SB708	ATAGTACC	SB708SB504	ATAGTACC-TACGAGAC
900303	2	E8	SB505	ACGTCTCG	SB708	ATAGTACC	SB708SB505	ATAGTACC-ACGTCTCG
900094	2	F8	SB506	TCGACGAG	SB708	ATAGTACC	SB708SB506	ATAGTACC-TCGACGAG
900306	2	G8	SB507	GATCGTGT	SB708	ATAGTACC	SB708SB507	ATAGTACC-GATCGTGT
900097	2	H8	SB508	GTCAGATA	SB708	ATAGTACC	SB708SB508	ATAGTACC-GTCAGATA
900295	2	A9	SB501	CTACTATA	SB709	GCGTATAC	SB709SB501	GCGTATAC-CTACTATA
900089	2	B9	SB502	CGTTACTA	SB709	GCGTATAC	SB709SB502	GCGTATAC-CGTTACTA
900298	2	C9	SB503	AGAGTCAC	SB709	GCGTATAC	SB709SB503	GCGTATAC-AGAGTCAC
900092	2	D9	SB504	TACGAGAC	SB709	GCGTATAC	SB709SB504	GCGTATAC-TACGAGAC
900304	2	E9	SB505	ACGTCTCG	SB709	GCGTATAC	SB709SB505	GCGTATAC-ACGTCTCG
900095	2	F9	SB506	TCGACGAG	SB709	GCGTATAC	SB709SB506	GCGTATAC-TCGACGAG
900307	2	G9	SB507	GATCGTGT	SB709	GCGTATAC	SB709SB507	GCGTATAC-GATCGTGT
900098	2	H9	SB508	GTCAGATA	SB709	GCGTATAC	SB709SB508	GCGTATAC-GTCAGATA
900279	2	A10	SB501	CTACTATA	SB710	TGCTCGTA	SB710SB501	TGCTCGTA-CTACTATA
900550	2	B10	SB502	CGTTACTA	SB710	TGCTCGTA	SB710SB502	TGCTCGTA-CGTTACTA
900283	2	C10	SB503	AGAGTCAC	SB710	TGCTCGTA	SB710SB503	TGCTCGTA-AGAGTCAC
900552	2	D10	SB504	TACGAGAC	SB710	TGCTCGTA	SB710SB504	TGCTCGTA-TACGAGAC
900281	2	E10	SB505	ACGTCTCG	SB710	TGCTCGTA	SB710SB505	TGCTCGTA-ACGTCTCG
900560	2	F10	SB506	TCGACGAG	SB710	TGCTCGTA	SB710SB506	TGCTCGTA-TCGACGAG
900285	2	G10	SB507	GATCGTGT	SB710	TGCTCGTA	SB710SB507	TGCTCGTA-GATCGTGT
900562	2	H10	SB508	GTCAGATA	SB710	TGCTCGTA	SB710SB508	TGCTCGTA-GTCAGATA
900280	2	A11	SB501	CTACTATA	SB711	AACGCTGA	SB711SB501	AACGCTGA-CTACTATA
900551	2	B11	SB502	CGTTACTA	SB711	AACGCTGA	SB711SB502	AACGCTGA-CGTTACTA
900284	2	C11	SB503	AGAGTCAC	SB711	AACGCTGA	SB711SB503	AACGCTGA-AGAGTCAC
900553	2	D11	SB504	TACGAGAC	SB711	AACGCTGA	SB711SB504	AACGCTGA-TACGAGAC
900282	2	E11	SB505	ACGTCTCG	SB711	AACGCTGA	SB711SB505	AACGCTGA-ACGTCTCG
900561	2	F11	SB506	TCGACGAG	SB711	AACGCTGA	SB711SB506	AACGCTGA-TCGACGAG
900286	2	G11	SB507	GATCGTGT	SB711	AACGCTGA	SB711SB507	AACGCTGA-GATCGTGT
900563	2	H11	SB508	GTCAGATA	SB711	AACGCTGA	SB711SB508	AACGCTGA-GTCAGATA
900485	2	A12	SB501	CTACTATA	SB712	CGTAGCGA	SB712SB501	CGTAGCGA-CTACTATA
900486	2	B12	SB502	CGTTACTA	SB712	CGTAGCGA	SB712SB502	CGTAGCGA-CGTTACTA
900487	2	C12	SB503	AGAGTCAC	SB712	CGTAGCGA	SB712SB503	CGTAGCGA-AGAGTCAC
900567	2	D12	SB504	TACGAGAC	SB712	CGTAGCGA	SB712SB504	CGTAGCGA-TACGAGAC
900568	2	E12	SB505	ACGTCTCG	SB712	CGTAGCGA	SB712SB505	CGTAGCGA-ACGTCTCG
900224	2	F12	SB506	TCGACGAG	SB712	CGTAGCGA	SB712SB506	CGTAGCGA-TCGACGAG
900225	2	G12	SB507	GATCGTGT	SB712	CGTAGCGA	SB712SB507	CGTAGCGA-GATCGTGT
mock_Plate2	2	H12	SB508	GTCAGATA	SB712	CGTAGCGA	SB712SB508	CGTAGCGA-GTCAGATA
900308	3	A1	SA501	ATCGTACG	SB701	CTCGACTT	SB701SA501	CTCGACTT-ATCGTACG
900099	3	B1	SA502	ACTATCTG	SB701	CTCGACTT	SB701SA502	CTCGACTT-ACTATCTG
900331	3	C1	SA503	TAGCGAGT	SB701	CTCGACTT	SB701SA503	CTCGACTT-TAGCGAGT
900102	3	D1	SA504	CTGCGTGT	SB701	CTCGACTT	SB701SA504	CTCGACTT-CTGCGTGT
900328b	3	E1	SA505	TCATCGAG	SB701	CTCGACTT	SB701SA505	CTCGACTT-TCATCGAG
9000107	3	F1	SA506	CGTGAGTG	SB701	CTCGACTT	SB701SA506	CTCGACTT-CGTGAGTG
900337	3	G1	SA507	GGATATCT	SB701	CTCGACTT	SB701SA507	CTCGACTT-GGATATCT
900110	3	H1	SA508	GACACCGT	SB701	CTCGACTT	SB701SA508	CTCGACTT-GACACCGT
900309	3	A2	SA501	ATCGTACG	SB702	CGAAGTAT	SB702SA501	CGAAGTAT-ATCGTACG
900100	3	B2	SA502	ACTATCTG	SB702	CGAAGTAT	SB702SA502	CGAAGTAT-ACTATCTG
900332	3	C2	SA503	TAGCGAGT	SB702	CGAAGTAT	SB702SA503	CGAAGTAT-TAGCGAGT
900103	3	D2	SA504	CTGCGTGT	SB702	CGAAGTAT	SB702SA504	CGAAGTAT-CTGCGTGT
900329	3	E2	SA505	TCATCGAG	SB702	CGAAGTAT	SB702SA505	CGAAGTAT-TCATCGAG
900108	3	F2	SA506	CGTGAGTG	SB702	CGAAGTAT	SB702SA506	CGAAGTAT-CGTGAGTG
900338	3	G2	SA507	GGATATCT	SB702	CGAAGTAT	SB702SA507	CGAAGTAT-GGATATCT
900111	3	H2	SA508	GACACCGT	SB702	CGAAGTAT	SB702SA508	CGAAGTAT-GACACCGT
900310	3	A3	SA501	ATCGTACG	SB703	TAGCAGCT	SB703SA501	TAGCAGCT-ATCGTACG
900101	3	B3	SA502	ACTATCTG	SB703	TAGCAGCT	SB703SA502	TAGCAGCT-ACTATCTG
900333	3	C3	SA503	TAGCGAGT	SB703	TAGCAGCT	SB703SA503	TAGCAGCT-TAGCGAGT
900104	3	D3	SA504	CTGCGTGT	SB703	TAGCAGCT	SB703SA504	TAGCAGCT-CTGCGTGT
900330	3	E3	SA505	TCATCGAG	SB703	TAGCAGCT	SB703SA505	TAGCAGCT-TCATCGAG
900109	3	F3	SA506	CGTGAGTG	SB703	TAGCAGCT	SB703SA506	TAGCAGCT-CGTGAGTG
900339	3	G3	SA507	GGATATCT	SB703	TAGCAGCT	SB703SA507	TAGCAGCT-GGATATCT
900112	3	H3	SA508	GACACCGT	SB703	TAGCAGCT	SB703SA508	TAGCAGCT-GACACCGT
900287	3	A4	SA501	ATCGTACG	SB704	TCTCTATG	SB704SA501	TCTCTATG-ATCGTACG
900598	3	B4	SA502	ACTATCTG	SB704	TCTCTATG	SB704SA502	TCTCTATG-ACTATCTG
900289	3	C4	SA503	TAGCGAGT	SB704	TCTCTATG	SB704SA503	TCTCTATG-TAGCGAGT
900596	3	D4	SA504	CTGCGTGT	SB704	TCTCTATG	SB704SA504	TCTCTATG-CTGCGTGT
900291	3	E4	SA505	TCATCGAG	SB704	TCTCTATG	SB704SA505	TCTCTATG-TCATCGAG
900600	3	F4	SA506	CGTGAGTG	SB704	TCTCTATG	SB704SA506	TCTCTATG-CGTGAGTG
900311	3	G4	SA507	GGATATCT	SB704	TCTCTATG	SB704SA507	TCTCTATG-GGATATCT
900602	3	H4	SA508	GACACCGT	SB704	TCTCTATG	SB704SA508	TCTCTATG-GACACCGT
900288	3	A5	SA501	ATCGTACG	SB705	GATCTACG	SB705SA501	GATCTACG-ATCGTACG
900599	3	B5	SA502	ACTATCTG	SB705	GATCTACG	SB705SA502	GATCTACG-ACTATCTG
900290	3	C5	SA503	TAGCGAGT	SB705	GATCTACG	SB705SA503	GATCTACG-TAGCGAGT
900597	3	D5	SA504	CTGCGTGT	SB705	GATCTACG	SB705SA504	GATCTACG-CTGCGTGT
900292	3	E5	SA505	TCATCGAG	SB705	GATCTACG	SB705SA505	GATCTACG-TCATCGAG
900601	3	F5	SA506	CGTGAGTG	SB705	GATCTACG	SB705SA506	GATCTACG-CGTGAGTG
900312	3	G5	SA507	GGATATCT	SB705	GATCTACG	SB705SA507	GATCTACG-GGATATCT
900603	3	H5	SA508	GACACCGT	SB705	GATCTACG	SB705SA508	GATCTACG-GACACCGT
STGG_Plate3	3	A6	SA501	ATCGTACG	SB706	GTAACGAG	SB706SA501	GTAACGAG-ATCGTACG
swab_Plate3	3	B6	SA502	ACTATCTG	SB706	GTAACGAG	SB706SA502	GTAACGAG-ACTATCTG
Neg9	3	C6	SA503	TAGCGAGT	SB706	GTAACGAG	SB706SA503	GTAACGAG-TAGCGAGT
Neg10	3	D6	SA504	CTGCGTGT	SB706	GTAACGAG	SB706SA504	GTAACGAG-CTGCGTGT
Neg11	3	E6	SA505	TCATCGAG	SB706	GTAACGAG	SB706SA505	GTAACGAG-TCATCGAG
Neg12	3	F6	SA506	CGTGAGTG	SB706	GTAACGAG	SB706SA506	GTAACGAG-CGTGAGTG
Neg13	3	G6	SA507	GGATATCT	SB706	GTAACGAG	SB706SA507	GTAACGAG-GGATATCT
Pos3	3	H6	SA508	GACACCGT	SB706	GTAACGAG	SB706SA508	GTAACGAG-GACACCGT
900113	3	A7	SA501	ATCGTACG	SB707	ACGTGCGC	SB707SA501	ACGTGCGC-ATCGTACG
900334	3	B7	SA502	ACTATCTG	SB707	ACGTGCGC	SB707SA502	ACGTGCGC-ACTATCTG
900116	3	C7	SA503	TAGCGAGT	SB707	ACGTGCGC	SB707SA503	ACGTGCGC-TAGCGAGT
900340	3	D7	SA504	CTGCGTGT	SB707	ACGTGCGC	SB707SA504	ACGTGCGC-CTGCGTGT
900119	3	E7	SA505	TCATCGAG	SB707	ACGTGCGC	SB707SA505	ACGTGCGC-TCATCGAG
900122	3	G7	SA507	GGATATCT	SB707	ACGTGCGC	SB707SA507	ACGTGCGC-GGATATCT
900114	3	A8	SA501	ATCGTACG	SB708	ATAGTACC	SB708SA501	ATAGTACC-ATCGTACG
900335	3	B8	SA502	ACTATCTG	SB708	ATAGTACC	SB708SA502	ATAGTACC-ACTATCTG
900117	3	C8	SA503	TAGCGAGT	SB708	ATAGTACC	SB708SA503	ATAGTACC-TAGCGAGT
900341	3	D8	SA504	CTGCGTGT	SB708	ATAGTACC	SB708SA504	ATAGTACC-CTGCGTGT
900120	3	E8	SA505	TCATCGAG	SB708	ATAGTACC	SB708SA505	ATAGTACC-TCATCGAG
900123	3	G8	SA507	GGATATCT	SB708	ATAGTACC	SB708SA507	ATAGTACC-GGATATCT
900115	3	A9	SA501	ATCGTACG	SB709	GCGTATAC	SB709SA501	GCGTATAC-ATCGTACG
900336	3	B9	SA502	ACTATCTG	SB709	GCGTATAC	SB709SA502	GCGTATAC-ACTATCTG
900118	3	C9	SA503	TAGCGAGT	SB709	GCGTATAC	SB709SA503	GCGTATAC-TAGCGAGT
900342	3	D9	SA504	CTGCGTGT	SB709	GCGTATAC	SB709SA504	GCGTATAC-CTGCGTGT
900121	3	E9	SA505	TCATCGAG	SB709	GCGTATAC	SB709SA505	GCGTATAC-TCATCGAG
900124	3	G9	SA507	GGATATCT	SB709	GCGTATAC	SB709SA507	GCGTATAC-GGATATCT
900606	3	A10	SA501	ATCGTACG	SB710	TGCTCGTA	SB710SA501	TGCTCGTA-ATCGTACG
900313	3	B10	SA502	ACTATCTG	SB710	TGCTCGTA	SB710SA502	TGCTCGTA-ACTATCTG
900604	3	C10	SA503	TAGCGAGT	SB710	TGCTCGTA	SB710SA503	TGCTCGTA-TAGCGAGT
900315	3	D10	SA504	CTGCGTGT	SB710	TGCTCGTA	SB710SA504	TGCTCGTA-CTGCGTGT
900608	3	E10	SA505	TCATCGAG	SB710	TGCTCGTA	SB710SA505	TGCTCGTA-TCATCGAG
900613	3	G10	SA507	GGATATCT	SB710	TGCTCGTA	SB710SA507	TGCTCGTA-GGATATCT
900319	3	H10	SA508	GACACCGT	SB710	TGCTCGTA	SB710SA508	TGCTCGTA-GACACCGT
900607	3	A11	SA501	ATCGTACG	SB711	AACGCTGA	SB711SA501	AACGCTGA-ATCGTACG
900314	3	B11	SA502	ACTATCTG	SB711	AACGCTGA	SB711SA502	AACGCTGA-ACTATCTG
900605	3	C11	SA503	TAGCGAGT	SB711	AACGCTGA	SB711SA503	AACGCTGA-TAGCGAGT
900316	3	D11	SA504	CTGCGTGT	SB711	AACGCTGA	SB711SA504	AACGCTGA-CTGCGTGT
900609	3	E11	SA505	TCATCGAG	SB711	AACGCTGA	SB711SA505	AACGCTGA-TCATCGAG
900034	3	F11	SA506	CGTGAGTG	SB711	AACGCTGA	SB711SA506	AACGCTGA-CGTGAGTG
900614	3	G11	SA507	GGATATCT	SB711	AACGCTGA	SB711SA507	AACGCTGA-GGATATCT
900320	3	H11	SA508	GACACCGT	SB711	AACGCTGA	SB711SA508	AACGCTGA-GACACCGT
900350	3	A12	SA501	ATCGTACG	SB712	CGTAGCGA	SB712SA501	CGTAGCGA-ATCGTACG
900351	3	B12	SA502	ACTATCTG	SB712	CGTAGCGA	SB712SA502	CGTAGCGA-ACTATCTG
900128	3	C12	SA503	TAGCGAGT	SB712	CGTAGCGA	SB712SA503	CGTAGCGA-TAGCGAGT
900055	3	D12	SA504	CTGCGTGT	SB712	CGTAGCGA	SB712SA504	CGTAGCGA-CTGCGTGT
900468	3	E12	SA505	TCATCGAG	SB712	CGTAGCGA	SB712SA505	CGTAGCGA-TCATCGAG
900469	3	F12	SA506	CGTGAGTG	SB712	CGTAGCGA	SB712SA506	CGTAGCGA-CGTGAGTG
900478	3	G12	SA507	GGATATCT	SB712	CGTAGCGA	SB712SA507	CGTAGCGA-GGATATCT
mock_Plate3	3	H12	SA508	GACACCGT	SB712	CGTAGCGA	SB712SA508	CGTAGCGA-GACACCGT
900129	4	A1	SA501	ATCGTACG	SA701	CGAGAGTT	SA701SA501	CGAGAGTT-ATCGTACG
900403	4	B1	SA502	ACTATCTG	SA701	CGAGAGTT	SA701SA502	CGAGAGTT-ACTATCTG
900132	4	C1	SA503	TAGCGAGT	SA701	CGAGAGTT	SA701SA503	CGAGAGTT-TAGCGAGT
900405	4	D1	SA504	CTGCGTGT	SA701	CGAGAGTT	SA701SA504	CGAGAGTT-CTGCGTGT
900148	4	E1	SA505	TCATCGAG	SA701	CGAGAGTT	SA701SA505	CGAGAGTT-TCATCGAG
900408	4	F1	SA506	CGTGAGTG	SA701	CGAGAGTT	SA701SA506	CGAGAGTT-CGTGAGTG
900557	4	G1	SA507	GGATATCT	SA701	CGAGAGTT	SA701SA507	CGAGAGTT-GGATATCT
900414	4	H1	SA508	GACACCGT	SA701	CGAGAGTT	SA701SA508	CGAGAGTT-GACACCGT
900130	4	A2	SA501	ATCGTACG	SA702	GACATAGT	SA702SA501	GACATAGT-ATCGTACG
900404	4	B2	SA502	ACTATCTG	SA702	GACATAGT	SA702SA502	GACATAGT-ACTATCTG
900133	4	C2	SA503	TAGCGAGT	SA702	GACATAGT	SA702SA503	GACATAGT-TAGCGAGT
900406	4	D2	SA504	CTGCGTGT	SA702	GACATAGT	SA702SA504	GACATAGT-CTGCGTGT
900147	4	E2	SA505	TCATCGAG	SA702	GACATAGT	SA702SA505	GACATAGT-TCATCGAG
900409	4	F2	SA506	CGTGAGTG	SA702	GACATAGT	SA702SA506	GACATAGT-CGTGAGTG
900558	4	G2	SA507	GGATATCT	SA702	GACATAGT	SA702SA507	GACATAGT-GGATATCT
900415	4	H2	SA508	GACACCGT	SA702	GACATAGT	SA702SA508	GACATAGT-GACACCGT
900131	4	A3	SA501	ATCGTACG	SA703	ACGCTACT	SA703SA501	ACGCTACT-ATCGTACG
900391	4	B3	SA502	ACTATCTG	SA703	ACGCTACT	SA703SA502	ACGCTACT-ACTATCTG
900134	4	C3	SA503	TAGCGAGT	SA703	ACGCTACT	SA703SA503	ACGCTACT-TAGCGAGT
900407	4	D3	SA504	CTGCGTGT	SA703	ACGCTACT	SA703SA504	ACGCTACT-CTGCGTGT
900149	4	E3	SA505	TCATCGAG	SA703	ACGCTACT	SA703SA505	ACGCTACT-TCATCGAG
900410	4	F3	SA506	CGTGAGTG	SA703	ACGCTACT	SA703SA506	ACGCTACT-CGTGAGTG
900559	4	G3	SA507	GGATATCT	SA703	ACGCTACT	SA703SA507	ACGCTACT-GGATATCT
900416	4	H3	SA508	GACACCGT	SA703	ACGCTACT	SA703SA508	ACGCTACT-GACACCGT
900617	4	A4	SA501	ATCGTACG	SA704	ACTCACTG	SA704SA501	ACTCACTG-ATCGTACG
900321	4	B4	SA502	ACTATCTG	SA704	ACTCACTG	SA704SA502	ACTCACTG-ACTATCTG
900615	4	C4	SA503	TAGCGAGT	SA704	ACTCACTG	SA704SA503	ACTCACTG-TAGCGAGT
900323	4	D4	SA504	CTGCGTGT	SA704	ACTCACTG	SA704SA504	ACTCACTG-CTGCGTGT
900619	4	E4	SA505	TCATCGAG	SA704	ACTCACTG	SA704SA505	ACTCACTG-TCATCGAG
900325	4	F4	SA506	CGTGAGTG	SA704	ACTCACTG	SA704SA506	ACTCACTG-CGTGAGTG
900627	4	G4	SA507	GGATATCT	SA704	ACTCACTG	SA704SA507	ACTCACTG-GGATATCT
900327	4	H4	SA508	GACACCGT	SA704	ACTCACTG	SA704SA508	ACTCACTG-GACACCGT
900618	4	A5	SA501	ATCGTACG	SA705	TGAGTACG	SA705SA501	TGAGTACG-ATCGTACG
900322	4	B5	SA502	ACTATCTG	SA705	TGAGTACG	SA705SA502	TGAGTACG-ACTATCTG
900616	4	C5	SA503	TAGCGAGT	SA705	TGAGTACG	SA705SA503	TGAGTACG-TAGCGAGT
900324	4	D5	SA504	CTGCGTGT	SA705	TGAGTACG	SA705SA504	TGAGTACG-CTGCGTGT
900620	4	E5	SA505	TCATCGAG	SA705	TGAGTACG	SA705SA505	TGAGTACG-TCATCGAG
900326	4	F5	SA506	CGTGAGTG	SA705	TGAGTACG	SA705SA506	TGAGTACG-CGTGAGTG
900628	4	G5	SA507	GGATATCT	SA705	TGAGTACG	SA705SA507	TGAGTACG-GGATATCT
900328a	4	H5	SA508	GACACCGT	SA705	TGAGTACG	SA705SA508	TGAGTACG-GACACCGT
STGG_Plate4	4	A6	SA501	ATCGTACG	SA706	CTGCGTAG	SA706SA501	CTGCGTAG-ATCGTACG
swab_Plate4	4	B6	SA502	ACTATCTG	SA706	CTGCGTAG	SA706SA502	CTGCGTAG-ACTATCTG
MilliQ_Plate4	4	C6	SA503	TAGCGAGT	SA706	CTGCGTAG	SA706SA503	CTGCGTAG-TAGCGAGT
Neg_1	4	D6	SA504	CTGCGTGT	SA706	CTGCGTAG	SA706SA504	CTGCGTAG-CTGCGTGT
Neg_2	4	E6	SA505	TCATCGAG	SA706	CTGCGTAG	SA706SA505	CTGCGTAG-TCATCGAG
Neg_3	4	F6	SA506	CGTGAGTG	SA706	CTGCGTAG	SA706SA506	CTGCGTAG-CGTGAGTG
Neg_4	4	G6	SA507	GGATATCT	SA706	CTGCGTAG	SA706SA507	CTGCGTAG-GGATATCT
PosMockComm_1	4	H6	SA508	GACACCGT	SA706	CTGCGTAG	SA706SA508	CTGCGTAG-GACACCGT
900411	4	A7	SA501	ATCGTACG	SA707	TAGTCTCC	SA707SA501	TAGTCTCC-ATCGTACG
900554	4	B7	SA502	ACTATCTG	SA707	TAGTCTCC	SA707SA502	TAGTCTCC-ACTATCTG
900417	4	C7	SA503	TAGCGAGT	SA707	TAGTCTCC	SA707SA503	TAGTCTCC-TAGCGAGT
900578	4	D7	SA504	CTGCGTGT	SA707	TAGTCTCC	SA707SA504	TAGTCTCC-CTGCGTGT
900420	4	E7	SA505	TCATCGAG	SA707	TAGTCTCC	SA707SA505	TAGTCTCC-TCATCGAG
900569	4	F7	SA506	CGTGAGTG	SA707	TAGTCTCC	SA707SA506	TAGTCTCC-CGTGAGTG
900423	4	G7	SA507	GGATATCT	SA707	TAGTCTCC	SA707SA507	TAGTCTCC-GGATATCT
900572	4	H7	SA508	GACACCGT	SA707	TAGTCTCC	SA707SA508	TAGTCTCC-GACACCGT
900412	4	A8	SA501	ATCGTACG	SA708	CGAGCGAC	SA708SA501	CGAGCGAC-ATCGTACG
900555	4	B8	SA502	ACTATCTG	SA708	CGAGCGAC	SA708SA502	CGAGCGAC-ACTATCTG
900418	4	C8	SA503	TAGCGAGT	SA708	CGAGCGAC	SA708SA503	CGAGCGAC-TAGCGAGT
900579	4	D8	SA504	CTGCGTGT	SA708	CGAGCGAC	SA708SA504	CGAGCGAC-CTGCGTGT
900421	4	E8	SA505	TCATCGAG	SA708	CGAGCGAC	SA708SA505	CGAGCGAC-TCATCGAG
900570	4	F8	SA506	CGTGAGTG	SA708	CGAGCGAC	SA708SA506	CGAGCGAC-CGTGAGTG
900424	4	G8	SA507	GGATATCT	SA708	CGAGCGAC	SA708SA507	CGAGCGAC-GGATATCT
900573	4	H8	SA508	GACACCGT	SA708	CGAGCGAC	SA708SA508	CGAGCGAC-GACACCGT
900413	4	A9	SA501	ATCGTACG	SA709	ACTACGAC	SA709SA501	ACTACGAC-ATCGTACG
900556	4	B9	SA502	ACTATCTG	SA709	ACTACGAC	SA709SA502	ACTACGAC-ACTATCTG
900419	4	C9	SA503	TAGCGAGT	SA709	ACTACGAC	SA709SA503	ACTACGAC-TAGCGAGT
900580	4	D9	SA504	CTGCGTGT	SA709	ACTACGAC	SA709SA504	ACTACGAC-CTGCGTGT
900422	4	E9	SA505	TCATCGAG	SA709	ACTACGAC	SA709SA505	ACTACGAC-TCATCGAG
900571	4	F9	SA506	CGTGAGTG	SA709	ACTACGAC	SA709SA506	ACTACGAC-CGTGAGTG
900425	4	G9	SA507	GGATATCT	SA709	ACTACGAC	SA709SA507	ACTACGAC-GGATATCT
900574	4	H9	SA508	GACACCGT	SA709	ACTACGAC	SA709SA508	ACTACGAC-GACACCGT
900343	4	A10	SA501	ATCGTACG	SA710	GTCTGCTA	SA710SA501	GTCTGCTA-ATCGTACG
900631	4	B10	SA502	ACTATCTG	SA710	GTCTGCTA	SA710SA502	GTCTGCTA-ACTATCTG
900344	4	C10	SA503	TAGCGAGT	SA710	GTCTGCTA	SA710SA503	GTCTGCTA-TAGCGAGT
900633	4	D10	SA504	CTGCGTGT	SA710	GTCTGCTA	SA710SA504	GTCTGCTA-CTGCGTGT
900346	4	E10	SA505	TCATCGAG	SA710	GTCTGCTA	SA710SA505	GTCTGCTA-TCATCGAG
900150	4	F10	SA506	CGTGAGTG	SA710	GTCTGCTA	SA710SA506	GTCTGCTA-CGTGAGTG
900348	4	G10	SA507	GGATATCT	SA710	GTCTGCTA	SA710SA507	GTCTGCTA-GGATATCT
900360	4	H10	SA508	GACACCGT	SA710	GTCTGCTA	SA710SA508	GTCTGCTA-GACACCGT
900352	4	A11	SA501	ATCGTACG	SA711	GTCTATGA	SA711SA501	GTCTATGA-ATCGTACG
900632	4	B11	SA502	ACTATCTG	SA711	GTCTATGA	SA711SA502	GTCTATGA-ACTATCTG
900345	4	C11	SA503	TAGCGAGT	SA711	GTCTATGA	SA711SA503	GTCTATGA-TAGCGAGT
900634	4	D11	SA504	CTGCGTGT	SA711	GTCTATGA	SA711SA504	GTCTATGA-CTGCGTGT
900347	4	E11	SA505	TCATCGAG	SA711	GTCTATGA	SA711SA505	GTCTATGA-TCATCGAG
900629	4	F11	SA506	CGTGAGTG	SA711	GTCTATGA	SA711SA506	GTCTATGA-CGTGAGTG
900349	4	G11	SA507	GGATATCT	SA711	GTCTATGA	SA711SA507	GTCTATGA-GGATATCT
900361	4	H11	SA508	GACACCGT	SA711	GTCTATGA	SA711SA508	GTCTATGA-GACACCGT
900353	4	A12	SA501	ATCGTACG	SA712	TATAGCGA	SA712SA501	TATAGCGA-ATCGTACG
900105	4	B12	SA502	ACTATCTG	SA712	TATAGCGA	SA712SA502	TATAGCGA-ACTATCTG
900106	4	C12	SA503	TAGCGAGT	SA712	TATAGCGA	SA712SA503	TATAGCGA-TAGCGAGT
900392	4	D12	SA504	CTGCGTGT	SA712	TATAGCGA	SA712SA504	TATAGCGA-CTGCGTGT
900393	4	E12	SA505	TCATCGAG	SA712	TATAGCGA	SA712SA505	TATAGCGA-TCATCGAG
900630	4	F12	SA506	CGTGAGTG	SA712	TATAGCGA	SA712SA506	TATAGCGA-CGTGAGTG
900390	4	G12	SA507	GGATATCT	SA712	TATAGCGA	SA712SA507	TATAGCGA-GGATATCT
mock_Plate4	4	H12	SA508	GACACCGT	SA712	TATAGCGA	SA712SA508	TATAGCGA-GACACCGT
900426	5	A1	SB501	CTACTATA	SB701	CTCGACTT	SB701SB501	CTCGACTT-CTACTATA
900575	5	B1	SB502	CGTTACTA	SB701	CTCGACTT	SB701SB502	CTCGACTT-CGTTACTA
900429	5	C1	SB503	AGAGTCAC	SB701	CTCGACTT	SB701SB503	CTCGACTT-AGAGTCAC
900581	5	D1	SB504	TACGAGAC	SB701	CTCGACTT	SB701SB504	CTCGACTT-TACGAGAC
900431	5	E1	SB505	ACGTCTCG	SB701	CTCGACTT	SB701SB505	CTCGACTT-ACGTCTCG
900587	5	F1	SB506	TCGACGAG	SB701	CTCGACTT	SB701SB506	CTCGACTT-TCGACGAG
900436	5	G1	SB507	GATCGTGT	SB701	CTCGACTT	SB701SB507	CTCGACTT-GATCGTGT
900584	5	H1	SB508	GTCAGATA	SB701	CTCGACTT	SB701SB508	CTCGACTT-GTCAGATA
900427	5	A2	SB501	CTACTATA	SB702	CGAAGTAT	SB702SB501	CGAAGTAT-CTACTATA
900576	5	B2	SB502	CGTTACTA	SB702	CGAAGTAT	SB702SB502	CGAAGTAT-CGTTACTA
900430	5	C2	SB503	AGAGTCAC	SB702	CGAAGTAT	SB702SB503	CGAAGTAT-AGAGTCAC
900582	5	D2	SB504	TACGAGAC	SB702	CGAAGTAT	SB702SB504	CGAAGTAT-TACGAGAC
900432	5	E2	SB505	ACGTCTCG	SB702	CGAAGTAT	SB702SB505	CGAAGTAT-ACGTCTCG
900588	5	F2	SB506	TCGACGAG	SB702	CGAAGTAT	SB702SB506	CGAAGTAT-TCGACGAG
900437	5	G2	SB507	GATCGTGT	SB702	CGAAGTAT	SB702SB507	CGAAGTAT-GATCGTGT
900585	5	H2	SB508	GTCAGATA	SB702	CGAAGTAT	SB702SB508	CGAAGTAT-GTCAGATA
900428	5	A3	SB501	CTACTATA	SB703	TAGCAGCT	SB703SB501	TAGCAGCT-CTACTATA
900577	5	B3	SB502	CGTTACTA	SB703	TAGCAGCT	SB703SB502	TAGCAGCT-CGTTACTA
900491	5	C3	SB503	AGAGTCAC	SB703	TAGCAGCT	SB703SB503	TAGCAGCT-AGAGTCAC
900583	5	D3	SB504	TACGAGAC	SB703	TAGCAGCT	SB703SB504	TAGCAGCT-TACGAGAC
900564	5	E3	SB505	ACGTCTCG	SB703	TAGCAGCT	SB703SB505	TAGCAGCT-ACGTCTCG
900589	5	F3	SB506	TCGACGAG	SB703	TAGCAGCT	SB703SB506	TAGCAGCT-TCGACGAG
900438	5	G3	SB507	GATCGTGT	SB703	TAGCAGCT	SB703SB507	TAGCAGCT-GATCGTGT
900586	5	H3	SB508	GTCAGATA	SB703	TAGCAGCT	SB703SB508	TAGCAGCT-GTCAGATA
900273	5	A4	SB501	CTACTATA	SB704	TCTCTATG	SB704SB501	TCTCTATG-CTACTATA
900374	5	B4	SB502	CGTTACTA	SB704	TCTCTATG	SB704SB502	TCTCTATG-CGTTACTA
900492	5	C4	SB503	AGAGTCAC	SB704	TCTCTATG	SB704SB503	TCTCTATG-AGAGTCAC
900376	5	D4	SB504	TACGAGAC	SB704	TCTCTATG	SB704SB504	TCTCTATG-TACGAGAC
900565	5	E4	SB505	ACGTCTCG	SB704	TCTCTATG	SB704SB505	TCTCTATG-ACGTCTCG
900356	5	F4	SB506	TCGACGAG	SB704	TCTCTATG	SB704SB506	TCTCTATG-TCGACGAG
900392_2	5	G4	SB507	GATCGTGT	SB704	TCTCTATG	SB704SB507	TCTCTATG-GATCGTGT
900358	5	H4	SB508	GTCAGATA	SB704	TCTCTATG	SB704SB508	TCTCTATG-GTCAGATA
900274	5	A5	SB501	CTACTATA	SB705	GATCTACG	SB705SB501	GATCTACG-CTACTATA
900375	5	B5	SB502	CGTTACTA	SB705	GATCTACG	SB705SB502	GATCTACG-CGTTACTA
900493	5	C5	SB503	AGAGTCAC	SB705	GATCTACG	SB705SB503	GATCTACG-AGAGTCAC
900377	5	D5	SB504	TACGAGAC	SB705	GATCTACG	SB705SB504	GATCTACG-TACGAGAC
900566	5	E5	SB505	ACGTCTCG	SB705	GATCTACG	SB705SB505	GATCTACG-ACGTCTCG
900357	5	F5	SB506	TCGACGAG	SB705	GATCTACG	SB705SB506	GATCTACG-TCGACGAG
900393_2	5	G5	SB507	GATCGTGT	SB705	GATCTACG	SB705SB507	GATCTACG-GATCGTGT
900359	5	H5	SB508	GTCAGATA	SB705	GATCTACG	SB705SB508	GATCTACG-GTCAGATA
STGG_Plate5	5	A6	SB501	CTACTATA	SB706	GTAACGAG	SB706SB501	GTAACGAG-CTACTATA
swab_Plate5	5	B6	SB502	CGTTACTA	SB706	GTAACGAG	SB706SB502	GTAACGAG-CGTTACTA
MilliQ_Plate5	5	C6	SB503	AGAGTCAC	SB706	GTAACGAG	SB706SB503	GTAACGAG-AGAGTCAC
Neg_5	5	D6	SB504	TACGAGAC	SB706	GTAACGAG	SB706SB504	GTAACGAG-TACGAGAC
Neg_6	5	E6	SB505	ACGTCTCG	SB706	GTAACGAG	SB706SB505	GTAACGAG-ACGTCTCG
Neg_7	5	F6	SB506	TCGACGAG	SB706	GTAACGAG	SB706SB506	GTAACGAG-TCGACGAG
Neg_8	5	G6	SB507	GATCGTGT	SB706	GTAACGAG	SB706SB507	GTAACGAG-GATCGTGT
PosMockComm_2	5	H6	SB508	GTCAGATA	SB706	GTAACGAG	SB706SB508	GTAACGAG-GTCAGATA
900590	5	A7	SB501	CTACTATA	SB707	ACGTGCGC	SB707SB501	ACGTGCGC-CTACTATA
900433	5	B7	SB502	CGTTACTA	SB707	ACGTGCGC	SB707SB502	ACGTGCGC-CGTTACTA
900593	5	C7	SB503	AGAGTCAC	SB707	ACGTGCGC	SB707SB503	ACGTGCGC-AGAGTCAC
900439	5	D7	SB504	TACGAGAC	SB707	ACGTGCGC	SB707SB504	ACGTGCGC-TACGAGAC
900610	5	E7	SB505	ACGTCTCG	SB707	ACGTGCGC	SB707SB505	ACGTGCGC-ACGTCTCG
900442	5	F7	SB506	TCGACGAG	SB707	ACGTGCGC	SB707SB506	ACGTGCGC-TCGACGAG
900621	5	G7	SB507	GATCGTGT	SB707	ACGTGCGC	SB707SB507	ACGTGCGC-GATCGTGT
900445	5	H7	SB508	GTCAGATA	SB707	ACGTGCGC	SB707SB508	ACGTGCGC-GTCAGATA
900591	5	A8	SB501	CTACTATA	SB708	ATAGTACC	SB708SB501	ATAGTACC-CTACTATA
900434	5	B8	SB502	CGTTACTA	SB708	ATAGTACC	SB708SB502	ATAGTACC-CGTTACTA
900594	5	C8	SB503	AGAGTCAC	SB708	ATAGTACC	SB708SB503	ATAGTACC-AGAGTCAC
900440	5	D8	SB504	TACGAGAC	SB708	ATAGTACC	SB708SB504	ATAGTACC-TACGAGAC
900611	5	E8	SB505	ACGTCTCG	SB708	ATAGTACC	SB708SB505	ATAGTACC-ACGTCTCG
900443	5	F8	SB506	TCGACGAG	SB708	ATAGTACC	SB708SB506	ATAGTACC-TCGACGAG
900622	5	G8	SB507	GATCGTGT	SB708	ATAGTACC	SB708SB507	ATAGTACC-GATCGTGT
900446	5	H8	SB508	GTCAGATA	SB708	ATAGTACC	SB708SB508	ATAGTACC-GTCAGATA
900592	5	A9	SB501	CTACTATA	SB709	GCGTATAC	SB709SB501	GCGTATAC-CTACTATA
900435	5	B9	SB502	CGTTACTA	SB709	GCGTATAC	SB709SB502	GCGTATAC-CGTTACTA
900595	5	C9	SB503	AGAGTCAC	SB709	GCGTATAC	SB709SB503	GCGTATAC-AGAGTCAC
900441	5	D9	SB504	TACGAGAC	SB709	GCGTATAC	SB709SB504	GCGTATAC-TACGAGAC
900612	5	E9	SB505	ACGTCTCG	SB709	GCGTATAC	SB709SB505	GCGTATAC-ACGTCTCG
900444	5	F9	SB506	TCGACGAG	SB709	GCGTATAC	SB709SB506	GCGTATAC-TCGACGAG
900623	5	G9	SB507	GATCGTGT	SB709	GCGTATAC	SB709SB507	GCGTATAC-GATCGTGT
900447	5	H9	SB508	GTCAGATA	SB709	GCGTATAC	SB709SB508	GCGTATAC-GTCAGATA
900370	5	B10	SB502	CGTTACTA	SB710	TGCTCGTA	SB710SB502	TGCTCGTA-CGTTACTA
900372	5	D10	SB504	TACGAGAC	SB710	TGCTCGTA	SB710SB504	TGCTCGTA-TACGAGAC
900480	5	E10	SB505	ACGTCTCG	SB710	TGCTCGTA	SB710SB505	TGCTCGTA-ACGTCTCG
900363	5	F10	SB506	TCGACGAG	SB710	TGCTCGTA	SB710SB506	TGCTCGTA-TCGACGAG
900395	5	G10	SB507	GATCGTGT	SB710	TGCTCGTA	SB710SB507	TGCTCGTA-GATCGTGT
900369	5	H10	SB508	GTCAGATA	SB710	TGCTCGTA	SB710SB508	TGCTCGTA-GTCAGATA
900371	5	B11	SB502	CGTTACTA	SB711	AACGCTGA	SB711SB502	AACGCTGA-CGTTACTA
900373	5	D11	SB504	TACGAGAC	SB711	AACGCTGA	SB711SB504	AACGCTGA-TACGAGAC
900481	5	E11	SB505	ACGTCTCG	SB711	AACGCTGA	SB711SB505	AACGCTGA-ACGTCTCG
900516	5	F11	SB506	TCGACGAG	SB711	AACGCTGA	SB711SB506	AACGCTGA-TCGACGAG
900515	5	G11	SB507	GATCGTGT	SB711	AACGCTGA	SB711SB507	AACGCTGA-GATCGTGT
900366	5	H11	SB508	GTCAGATA	SB711	AACGCTGA	SB711SB508	AACGCTGA-GTCAGATA
900367	5	A12	SB501	CTACTATA	SB712	CGTAGCGA	SB712SB501	CGTAGCGA-CTACTATA
mock_Plate5	5	D12	SB504	TACGAGAC	SB712	CGTAGCGA	SB712SB504	CGTAGCGA-TACGAGAC
water_Plate5	5	E12	SB505	ACGTCTCG	SB712	CGTAGCGA	SB712SB505	CGTAGCGA-ACGTCTCG
Neg_9	5	F12	SB506	TCGACGAG	SB712	CGTAGCGA	SB712SB506	CGTAGCGA-TCGACGAG
Neg_10	5	G12	SB507	GATCGTGT	SB712	CGTAGCGA	SB712SB507	CGTAGCGA-GATCGTGT
Neg_11	5	H12	SB508	GTCAGATA	SB712	CGTAGCGA	SB712SB508	CGTAGCGA-GTCAGATA
900448	6	A1	SA501	ATCGTACG	SB701	CTCGACTT	SB701SA501	CTCGACTT-ATCGTACG
900624	6	B1	SA502	ACTATCTG	SB701	CTCGACTT	SB701SA502	CTCGACTT-ACTATCTG
900451	6	C1	SA503	TAGCGAGT	SB701	CTCGACTT	SB701SA503	CTCGACTT-TAGCGAGT
900488	6	D1	SA504	CTGCGTGT	SB701	CTCGACTT	SB701SA504	CTCGACTT-CTGCGTGT
900455	6	E1	SA505	TCATCGAG	SB701	CTCGACTT	SB701SA505	CTCGACTT-TCATCGAG
Ca006ON_L	6	F1	SA506	CGTGAGTG	SB701	CTCGACTT	SB701SA506	CTCGACTT-CGTGAGTG
900457	6	G1	SA507	GGATATCT	SB701	CTCGACTT	SB701SA507	CTCGACTT-GGATATCT
Ca006ON_L_2	6	H1	SA508	GACACCGT	SB701	CTCGACTT	SB701SA508	CTCGACTT-GACACCGT
900449	6	A2	SA501	ATCGTACG	SB702	CGAAGTAT	SB702SA501	CGAAGTAT-ATCGTACG
900625	6	B2	SA502	ACTATCTG	SB702	CGAAGTAT	SB702SA502	CGAAGTAT-ACTATCTG
900452	6	C2	SA503	TAGCGAGT	SB702	CGAAGTAT	SB702SA503	CGAAGTAT-TAGCGAGT
900489	6	D2	SA504	CTGCGTGT	SB702	CGAAGTAT	SB702SA504	CGAAGTAT-CTGCGTGT
900454	6	E2	SA505	TCATCGAG	SB702	CGAAGTAT	SB702SA505	CGAAGTAT-TCATCGAG
Ca006ON_NL	6	F2	SA506	CGTGAGTG	SB702	CGAAGTAT	SB702SA506	CGAAGTAT-CGTGAGTG
900458	6	G2	SA507	GGATATCT	SB702	CGAAGTAT	SB702SA507	CGAAGTAT-GGATATCT
Ca006ON_NL_2	6	H2	SA508	GACACCGT	SB702	CGAAGTAT	SB702SA508	CGAAGTAT-GACACCGT
900450	6	A3	SA501	ATCGTACG	SB703	TAGCAGCT	SB703SA501	TAGCAGCT-ATCGTACG
900626	6	B3	SA502	ACTATCTG	SB703	TAGCAGCT	SB703SA502	TAGCAGCT-ACTATCTG
900453	6	C3	SA503	TAGCGAGT	SB703	TAGCAGCT	SB703SA503	TAGCAGCT-TAGCGAGT
900490	6	D3	SA504	CTGCGTGT	SB703	TAGCAGCT	SB703SA504	TAGCAGCT-CTGCGTGT
900456	6	E3	SA505	TCATCGAG	SB703	TAGCAGCT	SB703SA505	TAGCAGCT-TCATCGAG
Ca006ON_PN	6	F3	SA506	CGTGAGTG	SB703	TAGCAGCT	SB703SA506	TAGCAGCT-CGTGAGTG
900459	6	G3	SA507	GGATATCT	SB703	TAGCAGCT	SB703SA507	TAGCAGCT-GGATATCT
Ca006ON_PN_2	6	H3	SA508	GACACCGT	SB703	TAGCAGCT	SB703SA508	TAGCAGCT-GACACCGT
900380	6	A4	SA501	ATCGTACG	SB704	TCTCTATG	SB704SA501	TCTCTATG-ATCGTACG
900378	6	C4	SA503	TAGCGAGT	SB704	TCTCTATG	SB704SA503	TCTCTATG-TAGCGAGT
900506	6	D4	SA504	CTGCGTGT	SB704	TCTCTATG	SB704SA504	TCTCTATG-CTGCGTGT
900382	6	E4	SA505	TCATCGAG	SB704	TCTCTATG	SB704SA505	TCTCTATG-TCATCGAG
900463	6	F4	SA506	CGTGAGTG	SB704	TCTCTATG	SB704SA506	TCTCTATG-CGTGAGTG
900384	6	G4	SA507	GGATATCT	SB704	TCTCTATG	SB704SA507	TCTCTATG-GGATATCT
900466	6	H4	SA508	GACACCGT	SB704	TCTCTATG	SB704SA508	TCTCTATG-GACACCGT
900381	6	A5	SA501	ATCGTACG	SB705	GATCTACG	SB705SA501	GATCTACG-ATCGTACG
900403_2	6	B5	SA502	ACTATCTG	SB705	GATCTACG	SB705SA502	GATCTACG-ACTATCTG
900379	6	C5	SA503	TAGCGAGT	SB705	GATCTACG	SB705SA503	GATCTACG-TAGCGAGT
900507	6	D5	SA504	CTGCGTGT	SB705	GATCTACG	SB705SA504	GATCTACG-CTGCGTGT
900383	6	E5	SA505	TCATCGAG	SB705	GATCTACG	SB705SA505	GATCTACG-TCATCGAG
900465	6	F5	SA506	CGTGAGTG	SB705	GATCTACG	SB705SA506	GATCTACG-CGTGAGTG
900385	6	G5	SA507	GGATATCT	SB705	GATCTACG	SB705SA507	GATCTACG-GGATATCT
900470	6	H5	SA508	GACACCGT	SB705	GATCTACG	SB705SA508	GATCTACG-GACACCGT
STGG_Plate6	6	A6	SA501	ATCGTACG	SB706	GTAACGAG	SB706SA501	GTAACGAG-ATCGTACG
swab_Plate6	6	B6	SA502	ACTATCTG	SB706	GTAACGAG	SB706SA502	GTAACGAG-ACTATCTG
MilliQ_Plate6	6	C6	SA503	TAGCGAGT	SB706	GTAACGAG	SB706SA503	GTAACGAG-TAGCGAGT
unknown	6	D6	SA504	CTGCGTGT	SB706	GTAACGAG	SB706SA504	GTAACGAG-CTGCGTGT
Neg_12	6	E6	SA505	TCATCGAG	SB706	GTAACGAG	SB706SA505	GTAACGAG-TCATCGAG
Neg_13	6	F6	SA506	CGTGAGTG	SB706	GTAACGAG	SB706SA506	GTAACGAG-CGTGAGTG
Neg_14	6	G6	SA507	GGATATCT	SB706	GTAACGAG	SB706SA507	GTAACGAG-GGATATCT
PosMockComm_3	6	H6	SA508	GACACCGT	SB706	GTAACGAG	SB706SA508	GTAACGAG-GACACCGT
Ca008HN_L	6	A7	SA501	ATCGTACG	SB707	ACGTGCGC	SB707SA501	ACGTGCGC-ATCGTACG
900494	6	B7	SA502	ACTATCTG	SB707	ACGTGCGC	SB707SA502	ACGTGCGC-ACTATCTG
Ca007NK_L	6	C7	SA503	TAGCGAGT	SB707	ACGTGCGC	SB707SA503	ACGTGCGC-TAGCGAGT
900473	6	D7	SA504	CTGCGTGT	SB707	ACGTGCGC	SB707SA504	ACGTGCGC-CTGCGTGT
Co001SM_NL	6	E7	SA505	TCATCGAG	SB707	ACGTGCGC	SB707SA505	ACGTGCGC-TCATCGAG
900500	6	F7	SA506	CGTGAGTG	SB707	ACGTGCGC	SB707SA506	ACGTGCGC-CGTGAGTG
Co002MP_PN	6	G7	SA507	GGATATCT	SB707	ACGTGCGC	SB707SA507	ACGTGCGC-GGATATCT
900503	6	H7	SA508	GACACCGT	SB707	ACGTGCGC	SB707SA508	ACGTGCGC-GACACCGT
Ca008HN_NL	6	A8	SA501	ATCGTACG	SB708	ATAGTACC	SB708SA501	ATAGTACC-ATCGTACG
900495	6	B8	SA502	ACTATCTG	SB708	ATAGTACC	SB708SA502	ATAGTACC-ACTATCTG
Ca007NK_NL	6	C8	SA503	TAGCGAGT	SB708	ATAGTACC	SB708SA503	ATAGTACC-TAGCGAGT
900474	6	D8	SA504	CTGCGTGT	SB708	ATAGTACC	SB708SA504	ATAGTACC-CTGCGTGT
Co001SM_PN	6	E8	SA505	TCATCGAG	SB708	ATAGTACC	SB708SA505	ATAGTACC-TCATCGAG
900501	6	F8	SA506	CGTGAGTG	SB708	ATAGTACC	SB708SA506	ATAGTACC-CGTGAGTG
Co003LT_NL	6	G8	SA507	GGATATCT	SB708	ATAGTACC	SB708SA507	ATAGTACC-GGATATCT
900504	6	H8	SA508	GACACCGT	SB708	ATAGTACC	SB708SA508	ATAGTACC-GACACCGT
Ca008HN_PN	6	A9	SA501	ATCGTACG	SB709	GCGTATAC	SB709SA501	GCGTATAC-ATCGTACG
900496	6	B9	SA502	ACTATCTG	SB709	GCGTATAC	SB709SA502	GCGTATAC-ACTATCTG
Ca007NK_PN	6	C9	SA503	TAGCGAGT	SB709	GCGTATAC	SB709SA503	GCGTATAC-TAGCGAGT
900475	6	D9	SA504	CTGCGTGT	SB709	GCGTATAC	SB709SA504	GCGTATAC-CTGCGTGT
Co002MP_NL	6	E9	SA505	TCATCGAG	SB709	GCGTATAC	SB709SA505	GCGTATAC-TCATCGAG
900502	6	F9	SA506	CGTGAGTG	SB709	GCGTATAC	SB709SA506	GCGTATAC-CGTGAGTG
Co003LT_PN	6	G9	SA507	GGATATCT	SB709	GCGTATAC	SB709SA507	GCGTATAC-GGATATCT
900505	6	H9	SA508	GACACCGT	SB709	GCGTATAC	SB709SA508	GCGTATAC-GACACCGT
900508	6	A10	SA501	ATCGTACG	SB710	TGCTCGTA	SB710SA501	TGCTCGTA-ATCGTACG
900386	6	B10	SA502	ACTATCTG	SB710	TGCTCGTA	SB710SA502	TGCTCGTA-ACTATCTG
900471	6	C10	SA503	TAGCGAGT	SB710	TGCTCGTA	SB710SA503	TGCTCGTA-TAGCGAGT
900391_2	6	D10	SA504	CTGCGTGT	SB710	TGCTCGTA	SB710SA504	TGCTCGTA-CTGCGTGT
900125	6	E10	SA505	TCATCGAG	SB710	TGCTCGTA	SB710SA505	TGCTCGTA-TCATCGAG
900318	6	F10	SA506	CGTGAGTG	SB710	TGCTCGTA	SB710SA506	TGCTCGTA-CGTGAGTG
900395_2	6	G10	SA507	GGATATCT	SB710	TGCTCGTA	SB710SA507	TGCTCGTA-GGATATCT
900076	6	H10	SA508	GACACCGT	SB710	TGCTCGTA	SB710SA508	TGCTCGTA-GACACCGT
900509	6	A11	SA501	ATCGTACG	SB711	AACGCTGA	SB711SA501	AACGCTGA-ATCGTACG
900387	6	B11	SA502	ACTATCTG	SB711	AACGCTGA	SB711SA502	AACGCTGA-ACTATCTG
900472	6	C11	SA503	TAGCGAGT	SB711	AACGCTGA	SB711SA503	AACGCTGA-TAGCGAGT
900136	6	D11	SA504	CTGCGTGT	SB711	AACGCTGA	SB711SA504	AACGCTGA-CTGCGTGT
900127	6	E11	SA505	TCATCGAG	SB711	AACGCTGA	SB711SA505	AACGCTGA-TCATCGAG
900317	6	F11	SA506	CGTGAGTG	SB711	AACGCTGA	SB711SA506	AACGCTGA-CGTGAGTG
900497	6	G11	SA507	GGATATCT	SB711	AACGCTGA	SB711SA507	AACGCTGA-GGATATCT
900498	6	H11	SA508	GACACCGT	SB711	AACGCTGA	SB711SA508	AACGCTGA-GACACCGT
900510	6	A12	SA501	ATCGTACG	SB712	CGTAGCGA	SB712SA501	CGTAGCGA-ATCGTACG
900388	6	B12	SA502	ACTATCTG	SB712	CGTAGCGA	SB712SA502	CGTAGCGA-ACTATCTG
900389	6	C12	SA503	TAGCGAGT	SB712	CGTAGCGA	SB712SA503	CGTAGCGA-TAGCGAGT
900135	6	D12	SA504	CTGCGTGT	SB712	CGTAGCGA	SB712SA504	CGTAGCGA-CTGCGTGT
900126	6	E12	SA505	TCATCGAG	SB712	CGTAGCGA	SB712SA505	CGTAGCGA-TCATCGAG
900394	6	F12	SA506	CGTGAGTG	SB712	CGTAGCGA	SB712SA506	CGTAGCGA-CGTGAGTG
900499	6	G12	SA507	GGATATCT	SB712	CGTAGCGA	SB712SA507	CGTAGCGA-GGATATCT
mock_Plate6	6	H12	SA508	GACACCGT	SB712	CGTAGCGA	SB712SA508	CGTAGCGA-GACACCGT
900400_2	3	F7	SA506	CGTGAGTG	SB707	ACGTGCGC	SB707SA506	ACGTGCGC-CGTGAGTG
900397_2	3	H7	SA508	GACACCGT	SB707	ACGTGCGC	SB707SA508	ACGTGCGC-GACACCGT
900401_2	3	F8	SA506	CGTGAGTG	SB708	ATAGTACC	SB708SA506	ATAGTACC-CGTGAGTG
900398_2	3	H8	SA508	GACACCGT	SB708	ATAGTACC	SB708SA508	ATAGTACC-GACACCGT
900402_2	3	F9	SA506	CGTGAGTG	SB709	GCGTATAC	SB709SA506	GCGTATAC-CGTGAGTG
900399_2	3	H9	SA508	GACACCGT	SB709	GCGTATAC	SB709SA508	GCGTATAC-GACACCGT
900396_2	3	F10	SA506	CGTGAGTG	SB710	TGCTCGTA	SB710SA506	TGCTCGTA-CGTGAGTG
900396	5	A10	SB501	CTACTATA	SB710	TGCTCGTA	SB710SB501	TGCTCGTA-CTACTATA
900398	5	C10	SB503	AGAGTCAC	SB710	TGCTCGTA	SB710SB503	TGCTCGTA-AGAGTCAC
900397	5	A11	SB501	CTACTATA	SB711	AACGCTGA	SB711SB501	AACGCTGA-CTACTATA
900399	5	C11	SB503	AGAGTCAC	SB711	AACGCTGA	SB711SB503	AACGCTGA-AGAGTCAC
900400	5	B12	SB502	CGTTACTA	SB712	CGTAGCGA	SB712SB502	CGTAGCGA-CGTTACTA
900401	5	C12	SB503	AGAGTCAC	SB712	CGTAGCGA	SB712SB503	CGTAGCGA-AGAGTCAC
900402	6	B4	SA502	ACTATCTG	SB704	TCTCTATG	SB704SA502	TCTCTATG-ACTATCTG
